{
  "price_mae": 129669.05053990644,
  "sale_accuracy": 0.8697323085078187,
  "sale_roc_auc": 0.9464382104527848,
  "sale_speed_macro_f1": 0.7352283784639262,
  "rows_used": 37729
}